City_ID,City,Lat,Lng,Max Temp,Humidity,Cloudiness,Wind Speed,Country,Date
0,Lewisporte,49.2499,-55.0482,49.71,51,47,8.84,CA,2022-05-24 17:27:13
1,Ilulissat,69.2167,-51.1,26.62,68,75,12.66,GL,2022-05-24 17:25:52
2,Mancora,-4.1078,-81.0475,77.56,61,5,7.65,PE,2022-05-24 17:27:13
3,Nelson Bay,-32.7167,152.15,55.0,99,33,1.01,AU,2022-05-24 17:26:03
4,Busselton,-33.65,115.3333,59.23,77,21,3.67,AU,2022-05-24 17:26:00
5,Tasiilaq,65.6145,-37.6368,33.96,99,100,5.32,GL,2022-05-24 17:27:14
6,Faanui,-16.4833,-151.75,80.94,71,6,17.07,PF,2022-05-24 17:25:56
7,Ushuaia,-54.8,-68.3,38.82,70,40,24.16,AR,2022-05-24 17:21:19
8,Khatanga,71.9667,102.5,31.28,82,100,3.69,RU,2022-05-24 17:27:15
9,Jamestown,42.097,-79.2353,70.02,49,75,5.75,US,2022-05-24 17:25:52
10,Jalu,29.0331,21.5482,91.26,8,0,8.95,LY,2022-05-24 17:27:15
11,Valparaiso,-33.0393,-71.6273,68.23,76,0,9.22,CL,2022-05-24 17:25:19
12,Bredasdorp,-34.5322,20.0403,60.76,83,100,5.88,ZA,2022-05-24 17:26:05
13,Amposta,40.7131,0.581,63.23,88,100,12.39,ES,2022-05-24 17:27:16
14,Alofi,-19.0595,-169.9187,66.09,100,61,2.3,NU,2022-05-24 17:27:16
15,Punta Arenas,-53.15,-70.9167,41.11,65,40,11.5,CL,2022-05-24 17:23:14
16,Barrow,71.2906,-156.7887,26.62,93,100,9.22,US,2022-05-24 17:26:02
17,Koslan,63.4564,48.8989,45.14,71,100,5.66,RU,2022-05-24 17:27:17
18,Butaritari,3.0707,172.7902,81.37,78,26,12.86,KI,2022-05-24 17:27:17
19,Saskylakh,71.9167,114.0833,30.72,97,98,11.03,RU,2022-05-24 17:27:17
20,Tiksi,71.6872,128.8694,30.63,99,100,6.51,RU,2022-05-24 17:27:19
21,Port Elizabeth,-33.918,25.5701,66.09,88,75,14.97,ZA,2022-05-24 17:27:19
22,Vila Velha,-20.3297,-40.2925,73.35,78,75,4.61,BR,2022-05-24 17:27:20
23,Marolambo,-20.05,48.1167,64.47,97,20,1.19,MG,2022-05-24 17:27:20
24,Sabang,5.8933,95.3214,84.45,77,85,22.08,ID,2022-05-24 17:27:20
25,Ulladulla,-35.35,150.4667,54.05,86,58,4.16,AU,2022-05-24 17:27:21
26,Vestmannaeyjar,63.4427,-20.2734,45.59,87,100,5.75,IS,2022-05-24 17:27:21
27,Shiyan,32.6475,110.7781,68.97,76,44,2.17,CN,2022-05-24 17:27:21
28,Rikitea,-23.1203,-134.9692,76.08,73,54,6.02,PF,2022-05-24 17:23:12
29,Upernavik,72.7868,-56.1549,22.57,68,100,5.97,GL,2022-05-24 17:26:04
30,Uray,60.1247,64.7758,50.11,83,93,4.34,RU,2022-05-24 17:27:26
31,Matveyevka,52.15,56.1833,53.83,96,100,5.75,RU,2022-05-24 17:27:27
32,Nikolskoye,59.7035,30.7861,55.29,53,96,5.3,RU,2022-05-24 17:27:27
33,Saldanha,-33.0117,17.9442,62.65,91,100,6.35,ZA,2022-05-24 17:27:27
34,Iqaluit,63.7506,-68.5145,22.73,85,100,15.01,CA,2022-05-24 17:27:28
35,Kokopo,-4.352,152.2633,77.36,85,95,4.05,PG,2022-05-24 17:27:28
36,Tuy Hoa,13.0833,109.3,79.39,85,100,4.36,VN,2022-05-24 17:27:28
37,Tuktoyaktuk,69.4541,-133.0374,42.8,45,40,17.27,CA,2022-05-24 17:27:29
38,Vesyegonsk,58.664,37.2604,40.17,69,100,6.76,RU,2022-05-24 17:27:29
39,Atuona,-9.8,-139.0333,78.06,72,27,17.13,PF,2022-05-24 17:27:29
40,Avarua,-21.2078,-159.775,78.85,83,75,10.36,CK,2022-05-24 17:27:30
41,Kavaratti,10.5669,72.642,83.55,78,74,10.71,IN,2022-05-24 17:27:30
42,Kutum,14.2,24.6667,86.59,10,22,11.83,SD,2022-05-24 17:27:30
43,Qaanaaq,77.484,-69.3632,29.12,77,61,3.58,GL,2022-05-24 17:27:31
44,Arraial Do Cabo,-22.9661,-42.0278,76.96,73,75,16.11,BR,2022-05-24 17:28:32
45,Airai,-8.9266,125.4092,61.0,95,96,1.86,TL,2022-05-24 17:24:13
46,Marzuq,14.4,46.4667,81.86,34,85,7.58,YE,2022-05-24 17:28:32
47,Mar Del Plata,-38.0023,-57.5575,53.94,81,75,8.05,AR,2022-05-24 17:28:32
48,Chancay,-11.5714,-77.2672,67.8,71,52,8.59,PE,2022-05-24 17:28:33
49,Ginda,30.6945,78.4932,52.77,77,5,6.69,IN,2022-05-24 17:28:33
50,Bluff,-46.6,168.3333,50.81,64,67,28.45,NZ,2022-05-24 17:26:01
51,Nargana,9.4428,-78.5906,84.45,72,88,4.05,PA,2022-05-24 17:28:33
52,Hilo,19.7297,-155.09,76.28,89,75,4.61,US,2022-05-24 17:25:29
53,Tamiahua,21.2667,-97.45,86.47,66,100,15.32,MX,2022-05-24 17:28:34
54,Hobart,-42.8794,147.3294,40.26,94,0,9.22,AU,2022-05-24 17:26:19
55,Lompoc,34.6391,-120.4579,72.84,81,0,6.91,US,2022-05-24 17:28:34
56,Carnarvon,-24.8667,113.6333,68.38,62,53,10.85,AU,2022-05-24 17:25:53
57,Leningradskiy,69.3833,178.4167,39.69,72,17,7.38,RU,2022-05-24 17:25:59
58,Cagdianao,9.9211,125.6692,81.93,75,97,5.23,PH,2022-05-24 17:28:35
59,Bambanglipuro,-7.95,110.2833,78.04,84,96,3.89,ID,2022-05-24 17:28:35
60,New Norfolk,-42.7826,147.0587,39.9,89,2,2.84,AU,2022-05-24 17:28:36
61,Chuka,-0.3332,37.6459,66.02,62,31,3.51,KE,2022-05-24 17:28:36
62,Muravlenko,63.7898,74.523,54.75,59,100,1.7,RU,2022-05-24 17:28:36
63,Huarmey,-10.0681,-78.1522,70.03,71,11,11.99,PE,2022-05-24 17:28:37
64,Bima,-8.4667,118.7167,75.74,91,96,3.78,ID,2022-05-24 17:28:37
65,Thompson,55.7435,-97.8558,39.36,41,20,8.05,CA,2022-05-24 17:26:06
66,Nurota,40.5614,65.6886,76.91,32,59,8.28,UZ,2022-05-24 17:28:37
67,Adrar,20.5022,-10.0711,104.81,6,0,7.43,MR,2022-05-24 17:28:38
68,Luderitz,-26.6481,15.1594,60.66,70,1,7.07,NA,2022-05-24 17:28:38
69,Puerto Ayora,-0.7393,-90.3518,84.16,89,74,4.0,EC,2022-05-24 17:28:38
70,Tarko-Sale,64.9225,77.785,56.19,49,94,3.33,RU,2022-05-24 17:28:39
71,College,64.8569,-147.8028,53.2,44,20,4.61,US,2022-05-24 17:28:39
72,Hermanus,-34.4187,19.2345,59.81,88,100,8.37,ZA,2022-05-24 17:25:54
73,High Level,58.5169,-117.136,50.11,50,100,8.05,CA,2022-05-24 17:28:40
74,Lebu,-37.6167,-73.65,52.61,77,92,5.26,CL,2022-05-24 17:25:57
75,Norman Wells,65.282,-126.8329,50.04,43,20,12.66,CA,2022-05-24 17:24:01
76,Mataura,-46.1927,168.8643,50.49,87,93,11.07,NZ,2022-05-24 17:25:58
77,Lasa,46.6166,10.7002,63.48,87,100,4.18,IT,2022-05-24 17:25:59
78,Noumea,-22.2763,166.4572,75.99,99,100,8.03,NC,2022-05-24 17:28:40
79,Kavieng,-2.5744,150.7967,80.92,74,94,11.61,PG,2022-05-24 17:28:42
80,Saint-Philippe,-21.3585,55.7679,71.19,79,46,10.63,RE,2022-05-24 17:28:43
81,Beihai,21.4833,109.1,79.07,90,100,8.72,CN,2022-05-24 17:28:43
82,Severo-Yeniseyskiy,60.3725,93.0408,50.86,72,63,5.5,RU,2022-05-24 17:28:43
83,San Quintin,30.4833,-115.95,64.04,66,61,6.76,MX,2022-05-24 17:28:44
84,Cayenne,4.9333,-52.3333,86.04,24,40,13.8,GF,2022-05-24 17:25:52
85,Techiman,7.5862,-1.9414,76.21,88,97,4.79,GH,2022-05-24 17:28:44
86,Vilyuysk,63.7553,121.6247,42.49,64,100,2.51,RU,2022-05-24 17:28:45
87,Dargaville,-35.9333,173.8833,56.53,78,84,8.95,NZ,2022-05-24 17:28:45
88,Vila Franca Do Campo,37.7167,-25.4333,64.81,64,8,7.09,PT,2022-05-24 17:28:45
89,Sarapul,56.4763,53.7978,45.72,71,74,1.81,RU,2022-05-24 17:29:46
90,Auki,-8.7676,160.7034,76.93,88,30,2.51,SB,2022-05-24 17:29:46
91,Waingapu,-9.6567,120.2641,77.77,82,49,8.79,ID,2022-05-24 17:29:46
92,Constitucion,-35.3333,-72.4167,57.7,73,92,5.39,CL,2022-05-24 17:29:47
93,Saint George,37.1041,-113.5841,78.8,11,0,5.01,US,2022-05-24 17:29:47
94,Klaksvik,62.2266,-6.589,49.12,76,61,13.58,FO,2022-05-24 17:29:47
95,Dikson,73.5069,80.5464,28.42,79,100,8.7,RU,2022-05-24 17:29:48
96,Cacador,-26.7753,-51.015,69.24,47,0,5.53,BR,2022-05-24 17:29:48
97,Kyshtovka,56.555,76.6271,63.28,58,23,3.58,RU,2022-05-24 17:29:48
98,Mahebourg,-20.4081,57.7,75.49,69,40,8.05,MU,2022-05-24 17:29:49
99,Kodiak,57.79,-152.4072,45.91,76,100,4.61,US,2022-05-24 17:25:54
100,Price,39.5994,-110.8107,62.11,17,0,16.11,US,2022-05-24 17:29:49
101,Albany,42.6001,-73.9662,70.43,47,6,1.01,US,2022-05-24 17:21:21
102,Bintulu,3.1667,113.0333,79.21,94,20,2.3,MY,2022-05-24 17:29:50
103,Mogadishu,2.0371,45.3438,79.83,83,97,12.39,SO,2022-05-24 17:28:33
104,Zdvinsk,54.7021,78.661,62.85,56,42,5.64,RU,2022-05-24 17:29:50
105,Longyearbyen,78.2186,15.6401,40.84,70,20,9.22,SJ,2022-05-24 17:25:53
106,Vao,-22.6667,167.4833,74.01,78,100,16.22,NC,2022-05-24 17:29:51
107,Russell,32.3502,-85.1999,81.91,65,97,3.15,US,2022-05-24 17:26:32
108,Charters Towers,-20.1,146.2667,61.38,87,13,8.21,AU,2022-05-24 17:29:51
109,Nuuk,64.1835,-51.7216,29.01,80,75,13.8,GL,2022-05-24 17:29:51
110,Shimoda,34.6667,138.95,63.95,84,49,2.01,JP,2022-05-24 17:29:52
111,Port Hawkesbury,45.6169,-61.3485,60.78,64,100,14.97,CA,2022-05-24 17:29:52
112,Lavrentiya,65.5833,-171.0,36.1,73,14,3.98,RU,2022-05-24 17:29:52
113,Olinda,-8.0089,-34.8553,78.53,83,75,10.36,BR,2022-05-24 17:29:53
114,Te Anau,-45.4167,167.7167,47.26,86,100,3.89,NZ,2022-05-24 17:29:53
115,Lorengau,-2.0226,147.2712,81.05,75,86,6.67,PG,2022-05-24 17:29:53
116,Karratha,-20.7377,116.8463,74.82,46,11,8.75,AU,2022-05-24 17:29:54
117,Nanortalik,60.1432,-45.2371,34.39,67,36,31.32,GL,2022-05-24 17:29:54
118,Codrington,-38.2667,141.9667,51.53,81,100,9.91,AU,2022-05-24 17:29:55
119,Ribeira Grande,38.5167,-28.7,66.6,82,40,6.91,PT,2022-05-24 17:25:57
120,Tiberias,32.7922,35.5312,72.9,53,0,5.17,IL,2022-05-24 17:29:55
121,Sines,37.9562,-8.8698,66.29,61,99,15.01,PT,2022-05-24 17:29:55
122,Tuatapere,-46.1333,167.6833,50.16,81,89,16.96,NZ,2022-05-24 17:29:56
123,Churapcha,62.0025,132.4325,37.8,88,52,12.08,RU,2022-05-24 17:29:56
124,Georgetown,5.4112,100.3354,84.13,88,20,1.14,MY,2022-05-24 17:25:26
125,Tambacounda,13.7539,-13.7586,105.85,21,0,4.61,SN,2022-05-24 17:29:57
126,Vaini,-21.2,-175.2,69.96,100,20,3.44,TO,2022-05-24 17:29:57
127,Bilma,18.6853,12.9164,97.81,7,0,1.99,NE,2022-05-24 17:29:57
128,Naze,28.3667,129.4833,68.92,93,100,5.03,JP,2022-05-24 17:29:58
129,Kapaa,22.0752,-159.319,77.11,85,0,14.97,US,2022-05-24 17:29:58
130,Marawi,7.9986,124.2928,70.86,91,100,2.55,PH,2022-05-24 17:29:58
131,Udachnyy,66.4167,112.4,34.45,63,100,6.62,RU,2022-05-24 17:29:59
132,Yeppoon,-23.1333,150.7333,64.18,90,100,10.69,AU,2022-05-24 17:29:59
133,Riga,57.0,24.0833,68.07,40,0,6.91,LV,2022-05-24 17:28:15
134,Cherskiy,68.75,161.3,38.03,87,92,17.29,RU,2022-05-24 17:25:54
135,Sao Filipe,14.8961,-24.4956,72.73,76,32,5.14,CV,2022-05-24 17:31:00
136,Severo-Kurilsk,50.6789,156.125,39.18,92,86,5.44,RU,2022-05-24 17:25:59
137,Port Alfred,-33.5906,26.891,62.19,89,98,12.64,ZA,2022-05-24 17:31:00
138,Roald,62.5833,6.1333,59.9,71,75,3.44,NO,2022-05-24 17:31:01
139,Setermoen,68.861,18.3486,58.96,98,100,7.2,NO,2022-05-24 17:31:01
140,Half Moon Bay,37.4636,-122.4286,84.54,63,0,4.61,US,2022-05-24 17:31:02
141,Victoria,22.2855,114.1577,79.18,92,100,13.0,HK,2022-05-24 17:30:22
142,Laguna,38.421,-121.4238,87.15,29,0,8.05,US,2022-05-24 17:31:02
143,Buraydah,26.326,43.975,88.25,12,0,12.24,SA,2022-05-24 17:31:02
144,Salalah,17.0151,54.0924,84.29,84,40,6.91,OM,2022-05-24 17:26:01
145,Cape Town,-33.9258,18.4232,61.21,91,100,10.36,ZA,2022-05-24 17:23:02
146,Harper,4.375,-7.7169,78.42,84,100,10.89,LR,2022-05-24 17:31:03
147,Kwakoa,-3.7667,37.7167,72.46,66,87,6.38,TZ,2022-05-24 17:31:04
148,Esperance,-33.8667,121.9,61.74,75,39,17.9,AU,2022-05-24 17:31:04
149,Gondanglegi,-7.7479,112.0132,74.88,90,86,5.21,ID,2022-05-24 17:31:04
150,East London,-33.0153,27.9116,64.47,77,97,9.93,ZA,2022-05-24 17:30:37
151,Bataipora,-22.2953,-53.2711,83.48,28,0,6.82,BR,2022-05-24 17:31:05
152,Podkumskiy,44.0756,43.2103,54.37,82,75,8.95,RU,2022-05-24 17:31:05
153,Orlovskiy,46.8714,42.0592,53.69,57,95,5.21,RU,2022-05-24 17:31:06
154,Bahia Honda,22.9036,-83.1592,86.72,60,84,8.61,CU,2022-05-24 17:31:06
155,Virginia Beach,36.8529,-75.978,67.05,92,100,13.8,US,2022-05-24 17:26:41
156,Ishigaki,24.3448,124.1572,73.53,100,100,1.14,JP,2022-05-24 17:31:06
157,Fort-Shevchenko,44.5086,50.263,61.34,74,69,12.1,KZ,2022-05-24 17:31:07
158,Grand Gaube,-20.0064,57.6608,75.6,69,25,5.01,MU,2022-05-24 17:31:07
159,Vostok,46.4856,135.8833,49.57,99,100,2.59,RU,2022-05-24 17:31:08
160,Ancud,-41.8697,-73.8203,47.8,74,86,5.37,CL,2022-05-24 17:31:08
161,Senanga,-16.1167,23.2667,60.12,33,0,3.76,ZM,2022-05-24 17:31:08
162,Poum,-20.2333,164.0167,76.8,79,100,15.75,NC,2022-05-24 17:31:09
163,Axim,4.8699,-2.2405,76.77,88,91,12.03,GH,2022-05-24 17:31:10
164,Namibe,-15.1961,12.1522,69.84,73,0,7.63,AO,2022-05-24 17:31:10
165,Hamilton,39.1834,-84.5333,74.19,58,0,9.22,US,2022-05-24 17:31:02
166,Leshan,29.5623,103.7639,69.53,84,100,0.98,CN,2022-05-24 17:27:52
167,Peachtree City,33.3968,-84.5958,81.01,66,40,3.44,US,2022-05-24 17:28:19
168,Yellowknife,62.456,-114.3525,50.52,37,20,9.22,CA,2022-05-24 17:26:32
169,Bethel,41.3712,-73.414,70.36,55,75,8.05,US,2022-05-24 17:31:11
170,Wuwei,37.9281,102.6414,68.95,36,60,6.89,CN,2022-05-24 17:31:12
171,Mahibadhoo,3.7833,72.9667,83.28,75,100,6.46,MV,2022-05-24 17:31:12
172,Vallenar,-28.5708,-70.7581,78.08,24,37,5.88,CL,2022-05-24 17:31:12
173,Clyde River,70.4692,-68.5914,17.83,67,75,11.5,CA,2022-05-24 17:31:13
174,Voznesenye,61.0106,35.4781,39.31,79,100,6.76,RU,2022-05-24 17:31:13
175,Dingle,10.9995,122.6711,79.41,84,85,4.05,PH,2022-05-24 17:31:13
176,La Ronge,55.1001,-105.2842,43.05,39,75,11.5,CA,2022-05-24 17:31:14
177,Benguela,-12.5763,13.4055,71.82,83,19,4.85,AO,2022-05-24 17:31:14
178,Erdenet,49.0333,104.0833,49.24,45,93,2.21,MN,2022-05-24 17:31:14
179,Tabuk,17.4189,121.4443,75.83,91,89,1.79,PH,2022-05-24 17:32:15
180,Coatesville,39.9832,-75.8238,67.21,70,100,5.75,US,2022-05-24 17:32:15
181,Fortuna,40.5982,-124.1573,56.32,90,0,6.91,US,2022-05-24 17:32:16
182,Skelleftea,64.7507,20.9528,62.96,23,0,8.05,SE,2022-05-24 17:32:17
183,Ponta Do Sol,32.6667,-17.1,70.12,51,72,8.39,PT,2022-05-24 17:32:17
184,Olafsvik,64.8945,-23.7142,44.37,84,100,7.65,IS,2022-05-24 17:32:18
185,Adre,13.4667,22.2,88.61,12,100,5.46,TD,2022-05-24 17:32:18
186,Yar-Sale,66.8333,70.8333,37.29,83,69,9.55,RU,2022-05-24 17:32:18
187,Tokur,53.1333,132.9,24.78,99,75,1.79,RU,2022-05-24 17:32:19
188,Hami,42.8,93.45,84.83,14,62,16.91,CN,2022-05-24 17:32:19
189,Chuy,-33.6971,-53.4616,67.93,62,100,7.7,UY,2022-05-24 17:26:06
190,Dunhua,43.3725,128.2425,54.57,87,97,4.23,CN,2022-05-24 17:32:19
191,Siocon,7.7061,122.1353,79.32,86,100,4.41,PH,2022-05-24 17:32:20
192,Coahuayana,18.7333,-103.6833,88.72,48,38,9.13,MX,2022-05-24 17:32:20
193,Conceicao Da Barra,-18.5933,-39.7322,76.08,64,73,7.63,BR,2022-05-24 17:32:20
194,Torbay,47.6666,-52.7314,46.27,61,75,21.85,CA,2022-05-24 17:32:21
195,Bonavista,48.6499,-53.1147,41.07,68,73,18.7,CA,2022-05-24 17:32:21
196,Luwingu,-10.2621,29.9271,61.92,65,7,3.8,ZM,2022-05-24 17:32:21
197,Cidreira,-30.1811,-50.2056,71.11,63,5,3.89,BR,2022-05-24 17:32:22
198,Hithadhoo,-0.6,73.0833,83.75,70,51,4.56,MV,2022-05-24 17:32:22
199,Pamfila,39.1567,26.5217,76.71,53,20,0.0,GR,2022-05-24 17:32:22
200,Soyo,-6.1349,12.3689,75.34,80,29,9.33,AO,2022-05-24 17:32:23
201,Liwale,-9.7667,37.9333,72.64,67,21,3.47,TZ,2022-05-24 17:32:23
202,Cockburn Town,21.4612,-71.1419,84.16,58,40,13.8,TC,2022-05-24 17:32:23
203,Tamale,9.4008,-0.8393,87.1,53,64,12.21,GH,2022-05-24 17:32:24
204,Kokemaki,61.2565,22.3564,62.38,46,41,4.72,FI,2022-05-24 17:32:24
205,Bundaberg,-24.85,152.35,63.21,99,88,5.01,AU,2022-05-24 17:32:24
206,Mvangue,2.9667,11.5167,67.98,97,90,0.81,CM,2022-05-24 17:32:25
207,Yangambi,0.8102,24.4336,68.25,99,100,3.04,CD,2022-05-24 17:32:25
208,Kinablangan,7.6947,126.5503,78.03,76,99,3.71,PH,2022-05-24 17:32:25
209,Beni,0.5,29.4667,64.24,99,100,3.22,CD,2022-05-24 17:32:26
210,Preobrazheniye,42.9019,133.9064,53.49,96,93,2.26,RU,2022-05-24 17:32:26
211,Khorinsk,52.1657,109.7726,50.25,46,8,2.37,RU,2022-05-24 17:32:26
212,Tefe,-3.3542,-64.7114,91.51,62,40,8.05,BR,2022-05-24 17:32:27
213,Beringovskiy,63.05,179.3167,42.24,62,74,4.29,RU,2022-05-24 17:32:27
214,Nabire,-3.3667,135.4833,75.34,93,98,1.83,ID,2022-05-24 17:32:27
215,Voh,-20.9667,164.7,71.35,90,100,5.06,NC,2022-05-24 17:32:28
216,Canton,23.1167,113.25,80.87,91,100,3.83,CN,2022-05-24 17:28:35
217,Mount Isa,-20.7333,139.5,64.17,59,81,6.91,AU,2022-05-24 17:32:28
218,Bolshoye Selo,57.7177,38.9334,33.76,94,98,5.12,RU,2022-05-24 17:32:29
219,Adelaide,-34.9333,138.6,65.19,61,40,16.11,AU,2022-05-24 17:32:29
220,Verkhoyansk,67.5447,133.385,45.45,82,100,4.16,RU,2022-05-24 17:32:29
221,Chulman,56.8479,124.9104,41.79,89,95,2.75,RU,2022-05-24 17:31:18
222,Mount Gambier,-37.8333,140.7667,56.84,67,100,9.89,AU,2022-05-24 17:25:54
223,Coihaique,-45.5752,-72.0662,40.95,52,20,4.61,CL,2022-05-24 17:32:07
224,Hayden,47.766,-116.7866,57.49,72,0,5.75,US,2022-05-24 17:27:44
225,Kibaya,-5.3,36.5667,60.8,83,61,6.82,TZ,2022-05-24 17:32:30
226,Khanapur,15.6333,74.5167,73.96,92,34,7.63,IN,2022-05-24 17:32:31
227,Salekhard,66.53,66.6019,45.23,80,82,12.86,RU,2022-05-24 17:32:31
228,Tual,-5.6667,132.75,82.6,80,100,11.79,ID,2022-05-24 17:33:32
229,Haines Junction,60.7522,-137.5108,40.95,87,100,2.3,CA,2022-05-24 17:33:32
230,Wahiawa,21.5028,-158.0236,74.21,76,9,5.7,US,2022-05-24 17:31:01
231,Belmonte,-15.8631,-38.8828,77.59,65,27,11.99,BR,2022-05-24 17:33:32
232,Rio Gallegos,-51.6226,-69.2181,41.05,65,75,17.27,AR,2022-05-24 17:33:33
233,Maceio,-9.6658,-35.7353,80.04,78,75,10.36,BR,2022-05-24 17:29:14
234,Chokurdakh,70.6333,147.9167,31.14,94,100,7.83,RU,2022-05-24 17:33:33
235,Tomigusuku,26.185,127.675,74.97,96,75,14.97,JP,2022-05-24 17:33:34
236,Llangefni,53.2556,-4.3106,61.66,74,40,17.27,GB,2022-05-24 17:33:34
237,Marsh Harbour,26.5412,-77.0636,79.36,66,48,14.81,BS,2022-05-24 17:33:36
238,Macau,22.2006,113.5461,79.86,94,40,13.8,MO,2022-05-24 17:33:36
239,Khani,41.9563,42.9566,45.97,97,100,2.01,GE,2022-05-24 17:33:37
240,Kurmanayevka,52.5093,52.0675,50.05,72,100,4.81,RU,2022-05-24 17:33:37
241,Ponta Delgada,37.7333,-25.6667,65.12,68,75,11.5,PT,2022-05-24 17:33:38
242,Arrecife,28.963,-13.5477,75.18,53,20,23.02,ES,2022-05-24 17:30:45
243,Kentville,45.0835,-64.4988,63.12,42,42,10.36,CA,2022-05-24 17:30:04
244,Nome,64.5011,-165.4064,52.16,46,0,3.44,US,2022-05-24 17:33:38
245,Husavik,66.0449,-17.3389,46.63,76,96,10.49,IS,2022-05-24 17:33:39
246,Narrabri,-30.3167,149.7833,51.53,89,77,3.0,AU,2022-05-24 17:33:39
247,Faya,18.3851,42.4509,73.51,50,1,3.53,SA,2022-05-24 17:33:39
248,Bahia Blanca,-38.7196,-62.2724,58.39,53,1,14.09,AR,2022-05-24 17:30:09
249,Sept-Iles,50.2001,-66.3821,55.92,58,20,12.66,CA,2022-05-24 17:32:26
250,Tadine,-21.55,167.8833,72.03,79,100,10.74,NC,2022-05-24 17:33:40
251,Roberval,48.5168,-72.2324,61.25,33,20,9.22,CA,2022-05-24 17:33:45
252,Dobsina,48.8207,20.3699,64.9,88,84,3.29,SK,2022-05-24 17:33:46
253,Wloszczowa,50.8526,19.9659,63.66,94,100,7.67,PL,2022-05-24 17:33:46
254,Jieshi,22.8134,115.8257,74.3,92,100,10.85,CN,2022-05-24 17:33:46
255,Banjar,-8.19,114.9675,78.06,89,95,3.69,ID,2022-05-24 17:33:47
256,Anuradhapura,8.3565,80.4173,77.09,83,98,11.86,LK,2022-05-24 17:33:47
257,Gat,31.61,34.7642,75.4,47,0,2.91,IL,2022-05-24 17:33:47
258,Troitskoye,52.9821,84.6757,58.98,50,97,8.05,RU,2022-05-24 17:33:48
259,Provideniya,64.3833,-173.3,46.87,55,95,5.48,RU,2022-05-24 17:33:48
260,Masvingo,-20.0637,30.8277,59.81,62,0,2.15,ZW,2022-05-24 17:33:48
261,Luan,46.3592,6.9759,52.86,81,100,1.28,CH,2022-05-24 17:33:53
262,Ketchikan,55.3422,-131.6461,48.67,66,40,0.0,US,2022-05-24 17:33:53
263,Stornoway,58.2093,-6.3865,51.76,89,40,4.61,GB,2022-05-24 17:33:54
264,Ostrovnoy,68.0531,39.5131,32.81,89,100,9.1,RU,2022-05-24 17:33:54
265,Gladstone,-23.85,151.25,66.13,77,99,6.91,AU,2022-05-24 17:33:54
266,Raga,8.4596,25.678,78.66,66,100,9.44,SS,2022-05-24 17:33:55
267,Betare Oya,5.6,14.0833,70.88,87,77,1.61,CM,2022-05-24 17:33:55
268,Mandalgovi,45.7625,106.2708,52.07,30,86,6.08,MN,2022-05-24 17:33:56
269,Demerval Lobao,-5.3583,-42.6764,87.21,56,38,2.55,BR,2022-05-24 17:33:56
270,Atikokan,48.7555,-91.6216,66.74,37,40,12.33,CA,2022-05-24 17:33:56
271,Pevek,69.7008,170.3133,38.01,82,78,13.69,RU,2022-05-24 17:34:57
272,Horodkivka,49.9068,28.9847,54.91,58,32,4.76,UA,2022-05-24 17:34:57
273,San Ignacio,17.1561,-89.0714,89.74,55,75,0.0,BZ,2022-05-24 17:34:57
274,Byron Bay,-28.65,153.6167,58.71,77,96,5.55,AU,2022-05-24 17:34:58
275,Labuhan,-6.8844,112.2051,79.21,88,66,8.43,ID,2022-05-24 17:34:58
276,Blagoyevo,63.3667,47.9167,41.85,81,99,5.03,RU,2022-05-24 17:34:58
277,Napa,38.4832,-122.3344,87.55,20,23,7.09,US,2022-05-24 17:34:59
278,Guipavas,48.4352,-4.3972,61.12,61,75,12.66,FR,2022-05-24 17:34:59
279,Port Lincoln,-34.7333,135.8667,60.48,85,100,22.1,AU,2022-05-24 17:34:59
280,Boyolangu,-8.1181,111.8935,75.94,90,98,0.92,ID,2022-05-24 17:35:00
281,Vestmanna,62.1564,-7.1664,47.32,71,75,6.91,FO,2022-05-24 17:35:00
282,Krasnoye,49.9145,24.6134,57.79,72,100,7.43,UA,2022-05-24 17:35:00
283,Hobyo,5.3505,48.5268,80.6,79,7,25.14,SO,2022-05-24 17:35:01
284,Lagoa,39.05,-27.9833,61.97,79,6,10.96,PT,2022-05-24 17:35:01
285,Sakete,6.7362,2.6587,77.23,80,99,6.24,BJ,2022-05-24 17:35:01
286,Tingi,-11.3,35.0333,63.81,81,31,2.91,TZ,2022-05-24 17:35:02
287,Daru,-9.0763,143.2092,79.39,84,76,11.07,PG,2022-05-24 17:35:03
288,Guerrero Negro,27.9769,-114.0611,68.58,57,2,9.53,MX,2022-05-24 17:35:03
289,Stawell,-37.05,142.7667,48.56,81,98,7.34,AU,2022-05-24 17:35:04
290,Kozachi Laheri,46.7037,32.9776,56.98,69,64,7.56,UA,2022-05-24 17:35:04
291,Gamba,-2.65,10.0,74.39,84,88,7.65,GA,2022-05-24 17:35:05
292,Meulaboh,4.1363,96.1285,79.54,81,91,1.79,ID,2022-05-24 17:35:06
293,Iquitos,-3.7481,-73.2472,84.24,74,40,4.61,PE,2022-05-24 17:35:06
294,Port Hardy,50.6996,-127.4199,48.38,81,100,6.91,CA,2022-05-24 17:26:02
295,Acaponeta,22.4964,-105.3594,95.43,24,0,6.13,MX,2022-05-24 17:35:06
296,Inuvik,68.3499,-133.7218,49.06,29,20,11.5,CA,2022-05-24 17:35:07
297,Havre-Saint-Pierre,50.2334,-63.5986,53.96,54,0,6.91,CA,2022-05-24 17:35:07
298,Kungurtug,50.5994,97.5228,49.37,76,2,1.68,RU,2022-05-24 17:35:08
299,Majene,-3.5403,118.9707,76.8,86,100,5.5,ID,2022-05-24 17:35:08
300,Port-Gentil,-0.7193,8.7815,76.96,83,20,12.66,GA,2022-05-24 17:35:08
301,Tateyama,34.9833,139.8667,65.8,85,39,8.7,JP,2022-05-24 17:35:09
302,Bengkulu,-3.8004,102.2655,76.55,90,100,2.08,ID,2022-05-24 17:25:55
303,Cabo San Lucas,22.8909,-109.9124,83.61,59,0,10.36,MX,2022-05-24 17:30:28
304,Bull Savanna,17.8868,-77.5902,84.63,56,96,19.19,JM,2022-05-24 17:35:09
305,Natal,-5.795,-35.2094,83.05,78,75,16.11,BR,2022-05-24 17:32:38
306,North Vanlaiphai,23.1333,93.0667,60.48,96,94,2.24,IN,2022-05-24 17:35:10
307,Tansen,27.8673,83.5467,65.44,65,99,5.66,NP,2022-05-24 17:35:10
308,Itoman,26.1247,127.6694,75.22,96,75,14.97,JP,2022-05-24 17:35:10
309,Zhuhai,22.2769,113.5678,79.86,94,40,13.8,CN,2022-05-24 17:35:11
310,Fare,-16.7,-151.0167,80.94,71,0,16.75,PF,2022-05-24 17:35:11
311,Xai-Xai,-25.0519,33.6442,67.17,91,32,3.31,MZ,2022-05-24 17:35:11
312,Coesfeld,51.9333,7.15,61.99,67,86,10.31,DE,2022-05-24 17:35:12
313,Abha,18.2164,42.5053,73.22,68,0,8.05,SA,2022-05-24 17:35:12
314,Penzance,50.1186,-5.5371,58.32,77,20,12.66,GB,2022-05-24 17:35:12
315,Khasan,42.4308,130.6434,51.75,98,50,4.16,RU,2022-05-24 17:35:16
316,Avera,33.194,-82.5271,84.54,51,98,8.14,US,2022-05-24 17:35:17
317,Puerto Baquerizo Moreno,-0.9,-89.6,77.99,73,20,13.8,EC,2022-05-24 17:36:17
318,Thinadhoo,0.5333,72.9333,83.82,68,70,4.14,MV,2022-05-24 17:36:17
319,Bereda,43.2686,-7.5406,57.42,84,75,4.59,ES,2022-05-24 17:36:18
320,Whitehorse,60.7161,-135.0538,47.1,78,75,2.3,CA,2022-05-24 17:36:18
321,Vila Do Maio,15.1333,-23.2167,79.59,74,62,9.82,CV,2022-05-24 17:36:19
322,Yelizovo,53.1873,158.3805,42.94,93,75,2.24,RU,2022-05-24 17:36:19
323,Kaitangata,-46.2817,169.8464,49.06,70,73,16.8,NZ,2022-05-24 17:36:19
324,Hasaki,35.7333,140.8333,61.29,84,0,8.41,JP,2022-05-24 17:36:20
325,Moree,-29.4667,149.85,55.35,84,59,7.7,AU,2022-05-24 17:36:20
326,Ahuimanu,21.4447,-157.8378,77.2,74,75,9.22,US,2022-05-24 17:35:45
327,Uddevalla,58.3478,11.9424,56.32,96,100,3.33,SE,2022-05-24 17:36:21
328,Kikwit,-5.041,18.8162,73.11,84,90,2.46,CD,2022-05-24 17:36:21
329,San Cristobal,7.7669,-72.225,80.78,47,94,6.89,VE,2022-05-24 17:36:21
330,Rundu,-17.9333,19.7667,60.04,32,0,3.31,NA,2022-05-24 17:36:22
331,Araouane,18.9048,-3.5265,99.34,9,58,5.01,ML,2022-05-24 17:36:22
332,Skoghall,59.3232,13.4655,54.16,87,20,5.75,SE,2022-05-24 17:36:23
333,Kieta,-6.2167,155.6333,78.42,78,33,2.06,PG,2022-05-24 17:36:23
334,Hofn,64.2539,-15.2082,46.33,76,100,7.65,IS,2022-05-24 17:36:23
335,Ahipara,-35.1667,173.1667,56.77,76,60,10.4,NZ,2022-05-24 17:36:24
336,San Patricio,28.017,-97.5169,80.49,50,67,20.24,US,2022-05-24 17:36:24
337,Kumi,36.1136,128.336,67.68,88,77,0.81,KR,2022-05-24 17:36:24
338,Agirish,61.9247,63.0231,42.28,95,98,4.14,RU,2022-05-24 17:36:25
339,Kota Bahru,6.1333,102.2386,80.55,88,20,0.0,MY,2022-05-24 17:36:25
340,Podosinovets,60.2776,47.0659,36.27,94,100,3.0,RU,2022-05-24 17:36:26
341,Coquimbo,-29.9533,-71.3436,56.93,94,75,13.8,CL,2022-05-24 17:32:17
342,Nemuro,43.3236,145.575,44.06,82,4,2.93,JP,2022-05-24 17:36:26
343,Erzin,36.9559,36.2,66.51,80,54,2.95,TR,2022-05-24 17:36:27
344,Ankang,32.68,109.0172,72.66,75,94,1.03,CN,2022-05-24 17:36:27
345,Yulara,-25.2406,130.9889,61.14,58,41,5.86,AU,2022-05-24 17:36:27
346,Tula,54.2044,37.6111,41.43,80,83,5.61,RU,2022-05-24 17:35:28
347,Tupik,54.4253,119.9327,45.68,74,85,4.03,RU,2022-05-24 17:36:28
348,Isangel,-19.55,169.2667,71.6,88,100,9.95,VU,2022-05-24 17:36:29
349,Kaabong,3.4836,34.1492,65.44,83,89,1.45,UG,2022-05-24 17:36:29
350,Champasak,14.75,106.0,72.91,99,100,0.76,LA,2022-05-24 17:36:30
351,Freeport,40.6576,-73.5832,70.3,55,20,17.27,US,2022-05-24 17:36:30
352,Turukhansk,65.8167,87.9833,50.99,67,77,4.32,RU,2022-05-24 17:36:31
353,Grakhovo,56.0502,51.9676,44.2,91,100,3.62,RU,2022-05-24 17:36:31
354,Korla,41.7597,86.1469,83.79,15,100,13.27,CN,2022-05-24 17:36:31
355,Aswan,24.0934,32.907,90.7,12,0,11.5,EG,2022-05-24 17:36:32
356,Mancio Lima,-7.6142,-72.8958,87.87,62,75,0.0,BR,2022-05-24 17:36:32
357,Mykhaylivka,47.2724,35.2224,54.52,66,38,7.74,UA,2022-05-24 17:36:33
358,Kerrville,30.0474,-99.1403,83.44,49,0,11.5,US,2022-05-24 17:33:45
359,Tabas,33.5959,56.9244,88.3,7,10,9.1,IR,2022-05-24 17:36:33
360,Cortez,37.3489,-108.5859,62.94,20,0,14.97,US,2022-05-24 17:36:04
361,Dhidhdhoo,6.8833,73.1,83.98,75,100,10.47,MV,2022-05-24 17:36:34
362,Mkushi,-13.6202,29.3939,58.01,61,2,4.97,ZM,2022-05-24 17:36:34
363,Pacific Grove,36.6177,-121.9166,74.8,75,0,11.01,US,2022-05-24 17:33:18
364,Geraldton,-28.7667,114.6,59.41,94,75,4.61,AU,2022-05-24 17:37:35
365,Brus Laguna,15.75,-84.4833,81.73,81,74,7.7,HN,2022-05-24 17:37:35
366,Katangli,51.7102,143.2326,41.27,96,100,8.55,RU,2022-05-24 17:37:36
367,Verkhniy Uslon,55.7701,48.9823,46.62,72,100,3.8,RU,2022-05-24 17:37:36
368,Karakol,42.4907,78.3936,56.97,66,100,2.08,KG,2022-05-24 17:37:36
369,Trelew,-43.249,-65.3051,50.23,26,82,22.3,AR,2022-05-24 17:37:37
370,Rocha,-34.4833,-54.3333,67.39,64,95,7.27,UY,2022-05-24 17:37:37
371,Sistranda,63.7256,8.834,58.96,63,100,19.55,NO,2022-05-24 17:37:37
372,Poso,-1.3959,120.7524,78.28,78,100,3.38,ID,2022-05-24 17:37:38
373,Aboso,5.3617,-1.9473,74.68,94,95,5.66,GH,2022-05-24 17:37:38
374,Fairbanks,64.8378,-147.7164,53.1,43,20,4.61,US,2022-05-24 17:33:28
375,Joshimath,30.5667,79.5667,49.68,68,25,7.47,IN,2022-05-24 17:37:38
376,Novyy Buh,47.6931,32.5216,56.86,55,77,6.93,UA,2022-05-24 17:37:39
377,Kloulklubed,7.0419,134.2556,73.9,78,100,16.26,PW,2022-05-24 17:37:39
378,Sioux Lookout,50.1001,-91.917,66.27,45,40,11.5,CA,2022-05-24 17:37:40
379,Gua Musang,4.8823,101.9644,74.86,99,100,2.35,MY,2022-05-24 17:37:40
380,Hommelvik,63.4108,10.7942,60.76,46,75,3.44,NO,2022-05-24 17:37:40
381,Samarai,-10.6167,150.6667,81.14,79,27,9.13,PG,2022-05-24 17:37:41
382,Fort Nelson,58.8053,-122.7002,40.59,87,100,4.61,CA,2022-05-24 17:37:41
383,Phalaborwa,-23.943,31.1411,72.68,61,0,4.41,ZA,2022-05-24 17:37:41
384,Plerin,48.5425,-2.7798,61.45,62,75,10.36,FR,2022-05-24 17:37:42
385,Tura,25.5198,90.2201,74.01,82,0,4.36,IN,2022-05-24 17:37:42
386,Gra Liyia,35.0167,25.6833,71.13,78,3,1.99,GR,2022-05-24 17:37:42
387,Richards Bay,-28.783,32.0377,65.14,77,14,5.48,ZA,2022-05-24 17:37:43
388,Nangong,37.3581,115.3744,76.5,46,55,8.95,CN,2022-05-24 17:37:43
389,Andenes,69.3143,16.1194,57.18,62,75,9.22,NO,2022-05-24 17:37:44
390,Port Blair,11.6667,92.75,82.44,83,75,8.05,IN,2022-05-24 17:33:18
391,Pimenta Bueno,-11.6725,-61.1936,89.11,40,23,4.36,BR,2022-05-24 17:37:44
392,Souillac,-20.5167,57.5167,75.58,69,40,8.05,MU,2022-05-24 17:37:45
393,Castro,-24.7911,-50.0119,70.34,47,0,7.38,BR,2022-05-24 17:37:45
394,Leh,34.1667,77.5833,48.72,52,87,6.11,IN,2022-05-24 17:37:45
395,Litovko,49.2361,135.1742,43.86,93,100,4.61,RU,2022-05-24 17:37:46
396,Fenyi,27.8112,114.6681,64.96,98,97,0.43,CN,2022-05-24 17:37:46
397,Vardo,70.3705,31.1107,39.18,87,0,13.8,NO,2022-05-24 17:37:46
398,Seddon,-37.8068,144.8916,53.22,87,10,5.84,AU,2022-05-24 17:37:47
399,Fukue,32.6881,128.8419,67.82,73,86,3.69,JP,2022-05-24 17:37:47
400,Saint Anthony,45.0205,-93.218,68.34,38,0,12.66,US,2022-05-24 17:37:47
401,Aklavik,68.2191,-135.0107,43.43,51,25,16.67,CA,2022-05-24 17:37:48
402,Panlaitan,12.1191,119.8486,83.28,74,46,4.29,PH,2022-05-24 17:37:48
403,Valleyview,55.0667,-117.2859,57.24,44,27,11.5,CA,2022-05-24 17:37:48
404,Vinh,18.6667,105.6667,77.77,96,100,4.65,VN,2022-05-24 17:37:49
405,Boende,-0.2167,20.8667,70.07,99,100,0.85,CD,2022-05-24 17:37:49
406,Sitka,57.0531,-135.33,46.29,76,75,0.0,US,2022-05-24 17:37:49
407,Pucallpa,-8.3791,-74.5539,78.84,94,75,5.75,PE,2022-05-24 17:37:50
408,Moranbah,-22.0016,148.0466,60.85,94,83,9.86,AU,2022-05-24 17:37:50
409,Svetlyy,54.675,20.1347,68.05,95,100,10.65,RU,2022-05-24 17:37:51
410,Hirtshals,57.5881,9.9592,53.74,90,100,8.52,DK,2022-05-24 17:37:51
411,Changji,44.0167,87.3167,79.59,31,0,6.71,CN,2022-05-24 17:38:51
412,Lanzhou,36.0564,103.7922,67.46,40,58,5.48,CN,2022-05-24 17:35:57
413,Winnemucca,40.973,-117.7357,66.25,27,0,11.5,US,2022-05-24 17:38:52
414,Porto Novo,6.4965,2.6036,84.02,80,100,6.17,BJ,2022-05-24 17:38:52
415,Dmitriyevskaya,45.6564,40.7653,52.65,92,100,5.26,RU,2022-05-24 17:38:52
416,Lichinga,-13.3128,35.2406,66.29,82,75,11.5,MZ,2022-05-24 17:38:53
417,Gusau,12.1628,6.6614,96.26,19,47,3.65,NG,2022-05-24 17:38:53
418,Katsuura,35.1333,140.3,65.1,85,27,8.34,JP,2022-05-24 17:36:36
419,Foumban,5.7291,10.9001,66.11,90,46,1.36,CM,2022-05-24 17:38:54
420,Tukrah,32.5341,20.5791,73.13,36,0,11.01,LY,2022-05-24 17:38:54
421,Mandurah,-32.55,115.7,58.93,78,41,8.95,AU,2022-05-24 17:38:54
422,Shenjiamen,29.9576,122.298,65.07,95,100,7.43,CN,2022-05-24 17:38:55
423,Bilibino,68.0546,166.4372,43.75,81,63,19.48,RU,2022-05-24 17:38:55
424,Hudson Bay,52.85,-102.3842,57.04,50,71,9.31,CA,2022-05-24 17:38:55
425,Auriflama,-20.6856,-50.5547,85.62,24,0,8.34,BR,2022-05-24 17:38:56
426,Yerbogachen,61.2767,108.0108,50.65,65,93,4.97,RU,2022-05-24 17:38:56
427,Vung Tau,10.346,107.0843,81.79,83,99,12.39,VN,2022-05-24 17:38:57
428,Chekmagush,55.1319,54.6556,48.7,89,100,4.9,RU,2022-05-24 17:38:57
429,Ngunguru,-35.6167,174.5,54.79,84,64,8.99,NZ,2022-05-24 17:38:57
430,Fairlie,55.756,-4.8556,59.4,76,17,5.01,GB,2022-05-24 17:38:58
431,Bolshaya Dzhalga,45.9695,42.6966,57.33,59,100,4.56,RU,2022-05-24 17:38:58
432,Pochinki,54.6988,44.8668,37.98,92,100,5.46,RU,2022-05-24 17:38:58
433,Tommot,58.9564,126.2925,48.16,95,96,6.04,RU,2022-05-24 17:38:59
434,Jaffna,9.6685,80.0074,82.62,84,98,24.02,LK,2022-05-24 17:38:59
435,Shache,38.4167,77.2406,70.72,29,89,1.48,CN,2022-05-24 17:38:59
436,Derbent,42.0678,48.2899,59.7,76,98,2.44,RU,2022-05-24 17:39:00
437,Vrises,35.492,23.8899,75.96,61,0,4.56,GR,2022-05-24 17:39:00
438,Ouadda,8.0777,22.4007,72.23,83,100,4.47,CF,2022-05-24 17:39:01
439,Veraval,20.9,70.3667,85.42,67,91,11.83,IN,2022-05-24 17:39:01
440,Banda Aceh,5.5577,95.3222,81.07,81,93,13.73,ID,2022-05-24 17:39:02
441,Hirna,9.2167,41.1,64.89,64,81,7.9,ET,2022-05-24 17:39:02
442,Katakwi,1.8911,33.9661,65.8,89,96,3.18,UG,2022-05-24 17:39:02
443,Hualmay,-11.0964,-77.6139,69.12,70,25,10.98,PE,2022-05-24 17:39:03
444,Yurga,55.7231,84.8861,56.86,56,78,7.29,RU,2022-05-24 17:39:03
445,Amahai,-3.3333,128.9167,76.5,89,100,6.64,ID,2022-05-24 17:39:03
446,Brookings,44.3114,-96.7984,65.37,41,0,19.57,US,2022-05-24 17:38:06
447,Launceston,-41.45,147.1667,44.15,93,100,6.91,AU,2022-05-24 17:39:04
448,Nador,35.174,-2.9287,80.67,64,0,18.41,MA,2022-05-24 17:39:04
449,Rosarito,32.3333,-117.0333,70.25,71,18,7.76,MX,2022-05-24 17:39:05
450,Nouadhibou,20.931,-17.0347,71.58,68,3,21.85,MR,2022-05-24 17:39:05
451,Baculin,7.4525,126.5842,78.76,76,100,3.76,PH,2022-05-24 17:39:05
452,Watford,51.6553,-0.396,62.69,63,40,6.91,GB,2022-05-24 17:39:06
453,Sika,13.3546,-16.345,80.74,57,45,16.6,GM,2022-05-24 17:39:06
454,Ruteng,-8.6136,120.4721,63.46,95,100,3.04,ID,2022-05-24 17:39:07
455,Yeniseysk,58.4497,92.1703,55.62,63,87,3.11,RU,2022-05-24 17:39:07
456,Mishelevka,52.8575,103.1719,54.84,51,35,2.68,RU,2022-05-24 17:39:07
457,Komsomolskiy,40.4272,71.7189,68.72,49,0,4.61,UZ,2022-05-24 17:39:08
458,Boone,39.0334,-92.3335,66.99,61,100,14.56,US,2022-05-24 17:40:08
459,Payakumbuh,-0.2202,100.6308,70.9,99,95,3.24,ID,2022-05-24 17:40:09
460,Tshela,-4.9833,12.9333,70.79,88,85,0.81,CD,2022-05-24 17:40:09
461,Uvaly,50.0739,14.7308,62.67,88,0,8.05,CZ,2022-05-24 17:40:10
462,Mikhaylovka,50.06,43.2379,55.26,51,75,7.11,RU,2022-05-24 17:40:10
463,Moosomin,50.1333,-101.6677,65.26,39,7,7.67,CA,2022-05-24 17:40:11
464,Anadyr,64.75,177.4833,45.1,61,0,11.18,RU,2022-05-24 17:40:11
465,Jurm,36.8648,70.8342,66.16,36,0,3.53,AF,2022-05-24 17:40:11
466,Tocopilla,-22.092,-70.1979,67.03,70,8,5.35,CL,2022-05-24 17:40:12
467,Arlit,18.7369,7.3853,95.9,9,10,4.45,NE,2022-05-24 17:40:12
468,Santa Rosa,14.3122,121.1114,84.18,82,71,3.22,PH,2022-05-24 17:40:13
469,Mareeba,-17.0,145.4333,66.43,92,63,2.13,AU,2022-05-24 17:40:13
470,Najran,17.4924,44.1277,90.25,8,4,5.79,SA,2022-05-24 17:36:43
471,Alamor,-4.0181,-80.0197,72.84,62,36,5.28,EC,2022-05-24 17:40:14
472,Pechora,65.1472,57.2244,46.83,65,66,5.64,RU,2022-05-24 17:40:14
473,Narsaq,60.9167,-46.05,43.02,49,37,10.87,GL,2022-05-24 17:40:14
474,Acapulco,16.8634,-99.8901,85.82,66,40,6.91,MX,2022-05-24 17:38:15
475,Aykhal,66.0,111.5,34.93,64,100,7.18,RU,2022-05-24 17:40:15
476,Kruisfontein,-34.0033,24.7314,63.88,92,98,8.79,ZA,2022-05-24 17:40:15
477,Vanimo,-2.6741,141.3028,77.88,91,98,5.39,PG,2022-05-24 17:40:16
478,Porto Santo,33.072,-16.3415,68.38,64,40,16.11,PT,2022-05-24 17:40:16
479,Taoudenni,22.6783,-3.9836,107.06,6,0,13.06,ML,2022-05-24 17:40:16
480,Tandil,-37.3217,-59.1332,56.12,60,72,3.71,AR,2022-05-24 17:35:45
481,Siderno,38.2779,16.302,72.66,62,0,3.15,IT,2022-05-24 17:40:17
482,Dukat,62.55,155.55,32.09,89,100,5.55,RU,2022-05-24 17:40:17
483,Tarkwa,5.3064,-1.9847,74.82,93,97,6.17,GH,2022-05-24 17:40:18
484,Bambous Virieux,-20.3428,57.7575,75.45,69,40,8.05,MU,2022-05-24 17:40:18
485,Grootfontein,-19.5667,18.1167,58.35,34,0,2.64,NA,2022-05-24 17:40:19
486,Shizunai,42.3339,142.3669,53.06,90,46,3.24,JP,2022-05-24 17:36:01
487,Saint-Joseph,-21.3667,55.6167,70.18,77,40,11.27,RE,2022-05-24 17:40:19
488,Kholm,59.2667,32.85,43.86,66,100,4.32,RU,2022-05-24 17:40:20
489,Oranjemund,-28.55,16.4333,57.38,85,0,6.33,NA,2022-05-24 17:40:20
490,Cururupu,-1.8283,-44.8683,79.79,87,85,3.62,BR,2022-05-24 17:40:20
491,Ust-Tsilma,65.441,52.1498,44.53,70,56,5.53,RU,2022-05-24 17:40:21
492,Curuguaty,-24.4694,-55.6945,80.01,46,0,7.16,PY,2022-05-24 17:40:21
493,De Aar,-30.6497,24.0123,58.14,52,4,6.78,ZA,2022-05-24 17:40:22
494,Boa Esperanca Do Sul,-21.9925,-48.3908,81.03,31,0,4.23,BR,2022-05-24 17:40:22
495,Aranos,-24.1333,19.1167,65.82,22,0,8.16,NA,2022-05-24 17:40:23
496,Krasnyy Chikoy,50.3643,108.7512,47.39,52,35,2.1,RU,2022-05-24 17:40:23
497,Atambua,-9.1061,124.8925,74.32,88,89,3.78,ID,2022-05-24 17:40:23
498,Srednekolymsk,67.45,153.6833,43.0,79,55,7.16,RU,2022-05-24 17:40:24
499,Holme,56.1138,10.1725,56.17,87,78,12.68,DK,2022-05-24 17:40:24
500,Posse,-14.0931,-46.3694,84.54,25,0,8.14,BR,2022-05-24 17:40:25
501,Kahama,-3.8333,32.6,73.11,41,100,3.71,TZ,2022-05-24 17:40:25
502,Alexandria,31.2156,29.9553,75.16,57,0,10.36,EG,2022-05-24 17:38:55
503,Tiznit,29.5833,-9.5,68.34,64,20,9.01,MA,2022-05-24 17:40:25
504,Touros,-5.1989,-35.4608,80.15,80,27,10.8,BR,2022-05-24 17:41:26
505,Seoul,37.5683,126.9778,62.2,78,20,4.61,KR,2022-05-24 17:36:58
506,Benemerito De Las Americas,16.5167,-90.6439,93.74,44,87,2.28,MX,2022-05-24 17:41:27
507,Luanda,-8.8368,13.2343,77.0,73,40,11.5,AO,2022-05-24 17:41:28
508,San Andres,12.5847,-81.7006,87.82,70,40,10.36,CO,2022-05-24 17:41:29
509,Beloha,-25.1667,45.05,69.03,88,0,3.09,MG,2022-05-24 17:41:29
510,Montoro,38.0241,-4.3834,81.28,22,79,14.03,ES,2022-05-24 17:41:30
511,Bose,45.4612,8.0137,67.73,87,98,1.1,IT,2022-05-24 17:41:30
512,Borgo San Lorenzo,43.9553,11.3835,78.8,62,71,7.36,IT,2022-05-24 17:41:30
513,Chapais,49.7834,-74.8492,60.58,28,9,9.64,CA,2022-05-24 17:41:31
514,Sladkovo,55.5284,70.3385,63.23,53,37,6.4,RU,2022-05-24 17:41:31
515,Weligama,5.9667,80.4167,77.74,87,100,10.78,LK,2022-05-24 17:41:32
516,Troy,42.6056,-83.1499,69.48,48,0,3.44,US,2022-05-24 17:38:22
517,Kokoda,-8.8785,147.7407,72.79,92,64,2.06,PG,2022-05-24 17:41:32
518,Ardesen,41.1911,40.9875,57.61,73,86,8.16,TR,2022-05-24 17:41:32
519,Matara,5.9485,80.5353,77.61,88,100,10.65,LK,2022-05-24 17:41:33
520,Broken Hill,-31.95,141.4333,58.57,73,100,9.46,AU,2022-05-24 17:41:33
521,Aviles,43.5547,-5.9248,60.93,73,40,12.66,ES,2022-05-24 17:41:33
522,Westport,41.1415,-73.3579,71.31,61,0,16.11,US,2022-05-24 17:40:58
523,Mangrol,21.1167,70.1167,84.47,72,89,12.15,IN,2022-05-24 17:41:34
524,Teguise,29.0605,-13.564,71.82,53,20,24.16,ES,2022-05-24 17:41:34
525,Bardiyah,31.7561,25.0865,70.39,58,0,5.88,LY,2022-05-24 17:41:35
526,San Policarpo,12.1791,125.5072,81.37,80,54,5.7,PH,2022-05-24 17:41:37
527,Izhma,65.0083,53.9113,48.11,70,91,8.25,RU,2022-05-24 17:41:38
528,Panacan,9.2463,118.4082,81.54,76,85,1.34,PH,2022-05-24 17:41:38
529,Rawson,-43.3002,-65.1023,50.0,29,89,22.97,AR,2022-05-24 17:39:44
530,Palauig,15.435,119.9045,81.91,78,46,4.74,PH,2022-05-24 17:41:39
531,Sao Joao Da Barra,-21.6403,-41.0511,77.09,74,56,9.62,BR,2022-05-24 17:41:39
532,Sisimiut,66.9395,-53.6735,27.23,82,100,10.89,GL,2022-05-24 17:41:39
533,Merauke,-8.4667,140.3333,78.71,84,69,11.63,ID,2022-05-24 17:41:40
534,Chimoio,-19.1164,33.4833,60.66,94,0,8.05,MZ,2022-05-24 17:41:40
535,Muzaffarabad,34.37,73.4711,70.12,51,56,4.32,PK,2022-05-24 17:41:40
536,Kazachinskoye,57.6953,93.2761,54.77,59,28,0.13,RU,2022-05-24 17:41:41
